,,,bias,bias,bias,bias,bias,bias,bias,bias,coverage,coverage,coverage,coverage,coverage,coverage,coverage,coverage,rmse,rmse,rmse,rmse,rmse,rmse,rmse,rmse
,,,mean,mean,mean,mean,std,std,std,std,mean,mean,mean,mean,std,std,std,std,mean,mean,mean,mean,std,std,std,std
estimator,,,DSL,GSO,SO,SSL,DSL,GSO,SO,SSL,DSL,GSO,SO,SSL,DSL,GSO,SO,SSL,DSL,GSO,SO,SSL,DSL,GSO,SO,SSL
task,surrogate,n_r,,,,,,,,,,,,,,,,,,,,,,,,
conv_go_awry,all,25,0.004016836,0.004011362,0.26466577,0.004913033,0.003044288,0.003032981,0.000223783,0.003554104,0.912395538,0.920348884,0,0.916032454,0.013084483,0.012236226,0,0.012611649,0.107265469,0.107011269,0.264713696,0.109928433,0.003421062,0.003414783,0.000223771,0.003508723
conv_go_awry,all,100,0.00258075,0.002563836,0.264667141,0.006320592,0.001830562,0.001838489,0.000213594,0.00237831,0.934552,0.928578,0,0.91076,0.011002925,0.011506969,0,0.012957712,0.052764432,0.053204397,0.264709795,0.053235063,0.001554758,0.00158295,0.000213727,0.001587977
conv_go_awry,all,200,0.001342593,0.001394501,0.265111621,0.003131167,0.000977432,0.001013338,0.000213483,0.001496054,0.950104,0.95017,0,0.936466,0.010040019,0.009944747,0,0.010911733,0.034584216,0.035049951,0.265155521,0.034807887,0.001067289,0.001093549,0.000213495,0.001083425
conv_go_awry,flan-ul2,25,0.003707793,0.003575479,0.348981649,0.005763042,0.002848052,0.002725345,0.000703543,0.003741898,0.938862903,0.931090726,0,0.93527621,0.010633019,0.011368672,0,0.01092097,0.099385565,0.099431745,0.349341255,0.100235319,0.003232731,0.003248927,0.00070421,0.003224341
conv_go_awry,flan-ul2,100,0.003143979,0.003177952,0.350656416,0.006093816,0.001979711,0.00197127,0.000657034,0.002322669,0.954104,0.948056,0,0.934032,0.009242218,0.009963942,0,0.01122341,0.049373752,0.04948291,0.350999179,0.050635434,0.001534505,0.001536586,0.00065715,0.001576147
conv_go_awry,flan-ul2,200,0.00210179,0.002028615,0.351446068,0.00307867,0.001353581,0.001341111,0.000722897,0.001558482,0.934432,0.93847,0,0.936344,0.011153913,0.010833119,0,0.01107015,0.03535421,0.036112576,0.35181806,0.035912856,0.001269109,0.001303253,0.000720958,0.001295888
discourse,all,25,0.00296666,0.002951839,0.068851218,0.011287998,0.000822996,0.000827441,0.00010831,0.001115561,0.865264851,0.895762388,0.119699507,0.872585627,0.005788312,0.005080433,0.002929589,0.00546932,0.071753101,0.071683896,0.069635347,0.06759726,0.000865386,0.000864829,0.00010312,0.000821011
discourse,all,100,0.001472192,0.00158606,0.068715535,0.005016072,0.000408923,0.000436952,0.000105651,0.000538421,0.934460857,0.931771714,0.125793714,0.911010571,0.004104508,0.004071099,0.002498084,0.004820816,0.033401417,0.035835603,0.069453367,0.032047067,0.000410888,0.000450528,0.000103019,0.000382884
discourse,all,200,0.001025451,0.001111208,0.068810913,0.002518783,0.000275036,0.000295601,0.000106597,0.0003603,0.933686571,0.930196857,0.122761714,0.909141714,0.004202798,0.004275705,0.002778621,0.004952298,0.023823127,0.025704341,0.0695417,0.023310334,0.000301093,0.000316835,0.000101037,0.000287526
discourse,flan-ul2,25,0.003419897,0.003409993,0.054561675,0.007809281,0.000849645,0.000857304,0.000266126,0.001055985,0.871667527,0.89000459,0.37967183,0.886405909,0.005635517,0.005289958,0.006305544,0.005324415,0.070963006,0.070944389,0.058623263,0.068372957,0.000972496,0.000966903,0.000237075,0.000924727
discourse,flan-ul2,100,0.00169335,0.001721976,0.054676431,0.004520123,0.000422826,0.000430399,0.000249014,0.000566579,0.939256286,0.938547429,0.371622,0.914285714,0.003998237,0.004014651,0.00605887,0.004786722,0.034267517,0.035420388,0.058663657,0.033823853,0.000417139,0.00042196,0.000231494,0.000406138
discourse,flan-ul2,200,0.001171645,0.001164201,0.05471931,0.003034081,0.00030087,0.00030898,0.000266154,0.000380279,0.943509714,0.944433429,0.380126286,0.926102,0.004053082,0.0040685,0.00620994,0.00455136,0.0236493,0.024534537,0.058734655,0.023652462,0.000284329,0.000286134,0.000240132,0.000278808
emotion,all,25,0.004103246,0.004227609,0.086285683,0.018919591,0.001055189,0.00106613,0.000150244,0.001219831,0.904703591,0.902808604,0.196025745,0.871160569,0.005264159,0.005400401,0.003607321,0.006375467,0.076312999,0.076172186,0.087976019,0.069927933,0.001043885,0.00104396,0.000141296,0.000973061
emotion,all,100,0.001271804,0.001494813,0.086415364,0.00483664,0.000380441,0.000446999,0.000151854,0.000521365,0.946464667,0.944737,0.191980667,0.922569333,0.004004679,0.004186649,0.003612911,0.004822402,0.031052643,0.036742449,0.088054498,0.029624643,0.000428075,0.000501044,0.000143402,0.000401589
emotion,all,200,0.001439334,0.001730384,0.086544798,0.002097811,0.00034609,0.000401619,0.000152181,0.000383026,0.951344667,0.943043333,0.193022333,0.917502667,0.003887056,0.004239954,0.003514504,0.004982853,0.022026427,0.025941716,0.088022368,0.021595833,0.000279891,0.000347308,0.000148206,0.000270841
emotion,flan-ul2,25,0.004417464,0.004419826,0.020548525,0.016200686,0.001116646,0.001118062,0.000302102,0.001227094,0.917843394,0.912160966,0.693942991,0.876877264,0.005165236,0.005118044,0.006189121,0.005916163,0.07393754,0.073774254,0.028977172,0.068284826,0.000994006,0.00098404,0.000246188,0.000908014
emotion,flan-ul2,100,0.001504734,0.001565596,0.020592796,0.006087213,0.000426659,0.00046675,0.000290095,0.000571059,0.940004333,0.943617667,0.687624333,0.91297,0.004475751,0.00449354,0.005892022,0.005081845,0.032295471,0.037152783,0.029180645,0.031651345,0.000421611,0.000512452,0.000248148,0.000391414
emotion,flan-ul2,200,0.000980572,0.001092813,0.020924614,0.002261528,0.000288116,0.000321346,0.000299689,0.000385438,0.954066,0.95178,0.699160667,0.924822333,0.003727911,0.003893511,0.005715239,0.004863147,0.022421968,0.025841427,0.029167919,0.022178639,0.000306404,0.000356376,0.000262613,0.000291925
flute_classification,all,25,0.003559294,0.003596221,0.0755729,0.015725182,0.001308128,0.001317272,0.000139527,0.001790331,0.916595842,0.922100406,0.037929513,0.903142495,0.006188279,0.006042788,0.004142929,0.006634639,0.089646704,0.089456968,0.076116758,0.084388564,0.001454256,0.001444524,0.00013838,0.001395475
flute_classification,all,100,0.001929438,0.002155135,0.075569772,0.004785821,0.000658154,0.000754403,0.000141935,0.000785051,0.9436185,0.938593,0.039892,0.91803,0.005242728,0.005467609,0.004386237,0.006317754,0.037395397,0.0441323,0.076101953,0.035587183,0.00060032,0.000680895,0.000140425,0.000578466
flute_classification,all,200,0.001126471,0.001290848,0.075622513,0.002539519,0.00040931,0.000469793,0.000138858,0.000503752,0.9446565,0.9424075,0.038421,0.9222025,0.005124844,0.005175179,0.004194562,0.006000813,0.026280031,0.030966903,0.076163898,0.025703672,0.0004219,0.000500393,0.000138533,0.000414512
flute_classification,flan-ul2,25,0.003821755,0.003718205,0.055724277,0.013038591,0.001384464,0.001351341,0.000434655,0.001699861,0.932639113,0.926362399,0.397525202,0.918789819,0.00576495,0.006140098,0.00812693,0.006339567,0.085808031,0.085695061,0.06032066,0.080499237,0.001442221,0.001436738,0.000410975,0.001352972
flute_classification,flan-ul2,100,0.002663266,0.002925007,0.055375755,0.003961694,0.000707155,0.00081559,0.000427472,0.000757482,0.943208,0.9389235,0.4034315,0.918684,0.00501277,0.005416109,0.007972899,0.006057296,0.038749333,0.043754503,0.059829723,0.038367585,0.000605807,0.000672893,0.000385444,0.00059461
flute_classification,flan-ul2,200,0.001190755,0.001423939,0.056211267,0.001653936,0.00043971,0.000529498,0.000412232,0.000526301,0.9510735,0.951777,0.4152365,0.9326035,0.004735269,0.004742073,0.008157135,0.005599544,0.026934331,0.030607511,0.060637033,0.026911153,0.000418028,0.000472246,0.000397381,0.00041876
hate,all,25,0.004162063,0.004275824,0.087920726,0.009638238,0.001054766,0.00107058,9.10E-05,0.001276265,0.904398374,0.902530488,0.154586382,0.883693428,0.005683741,0.005625172,0.001985813,0.005969811,0.076433456,0.076289993,0.088940203,0.074605648,0.001114353,0.001108221,8.54E-05,0.001071178
hate,all,100,0.001421945,0.001516996,0.087899816,0.006220024,0.000440335,0.000463097,8.84E-05,0.0006138,0.946288667,0.944644,0.157726667,0.923287,0.004143651,0.004173516,0.001596543,0.004869235,0.035473684,0.036748117,0.088902322,0.034639413,0.000474286,0.000503855,8.30E-05,0.000460763
hate,all,200,0.001694621,0.001736067,0.087963571,0.003969691,0.000388467,0.000402137,8.50E-05,0.000441765,0.946804,0.942815667,0.158653333,0.925976333,0.004012025,0.004224476,0.001614788,0.004576005,0.024982603,0.025942023,0.088984194,0.024722994,0.000324059,0.000342931,7.92E-05,0.00031387
hate,flan-ul2,25,0.004462665,0.004454669,0.097247841,0.006528615,0.001113061,0.001109793,0.000272915,0.00106918,0.91771831,0.911941985,0.169676392,0.897549631,0.005146881,0.005339385,0.002410572,0.005699637,0.073988766,0.073800276,0.10084997,0.073108499,0.000963112,0.000962283,0.000271977,0.000936302
hate,flan-ul2,100,0.001513555,0.001576319,0.097330058,0.004405451,0.000456484,0.000479385,0.000272299,0.000657379,0.940631333,0.943601333,0.174355333,0.925842667,0.004308336,0.004194069,0.002616428,0.004790752,0.036308656,0.037152288,0.101003909,0.036252351,0.000471263,0.000476518,0.000274867,0.000457284
hate,flan-ul2,200,0.001072137,0.001101468,0.097087831,0.003305377,0.000322932,0.0003343,0.000284693,0.000451948,0.952172667,0.951553,0.169938333,0.930889333,0.003849546,0.003910873,0.002531544,0.00454618,0.02533295,0.025854949,0.100782084,0.025363142,0.000334019,0.000342914,0.000275254,0.000327216
humor,all,25,0.005338794,0.005728049,0.229395591,0.008585741,0.003727818,0.003821246,0.000311097,0.004339345,0.923283976,0.940855984,0,0.943024341,0.011624293,0.010408144,0,0.0103824,0.101996129,0.10175705,0.229498918,0.103140177,0.003140663,0.003108478,0.000310775,0.003101233
humor,all,100,0.002292191,0.002458448,0.228647516,0.002901146,0.001657469,0.001744194,0.000303716,0.001895981,0.953932,0.951906,0,0.9358,0.009445665,0.00942656,0,0.011049801,0.04840009,0.049189265,0.228742436,0.049163608,0.001349972,0.001362565,0.000303715,0.001370316
humor,all,200,0.001356731,0.001368113,0.229313692,0.001288179,0.001007846,0.001019509,0.000288451,0.00093953,0.93568,0.935578,0,0.923254,0.011279043,0.011522095,0,0.012464785,0.035059077,0.035942529,0.229406992,0.035405148,0.001114734,0.001143794,0.000288087,0.001124624
humor,flan-ul2,25,0.004590973,0.004450338,0.228137262,0.003914366,0.003333372,0.003244647,0.000876281,0.002881989,0.944032258,0.947985887,0,0.947798387,0.010233948,0.010050246,0,0.009939463,0.098293298,0.097589888,0.228957634,0.098336866,0.00351374,0.003481564,0.000873919,0.003563814
humor,flan-ul2,100,0.002011044,0.00186284,0.226530144,0.002317626,0.00141703,0.001339904,0.00083054,0.001605544,0.94799,0.945846,0,0.932014,0.010014799,0.010158123,0,0.011196838,0.049538235,0.049693554,0.227368395,0.049580559,0.001476416,0.001505167,0.000825409,0.001483718
humor,flan-ul2,200,0.001827014,0.001535092,0.230338492,0.00153879,0.001260846,0.001144817,0.00089325,0.001154607,0.945566,0.953816,0,0.933418,0.010055285,0.009236203,0,0.011264465,0.035206379,0.035585258,0.231207055,0.035548141,0.001100863,0.001109331,0.000890211,0.001111954
ibc,all,25,0.005622032,0.005686658,0.045794673,0.009058393,0.002105405,0.002105137,0.000207253,0.002148049,0.926243902,0.941668699,0.095832656,0.933029133,0.006717089,0.005879295,0.006751745,0.006275849,0.09453494,0.094470355,0.046719857,0.093681451,0.001623221,0.00162327,0.000208632,0.00158183
ibc,all,100,0.001658236,0.001788198,0.045774504,0.003971437,0.000712303,0.000776245,0.000208355,0.001056666,0.934861333,0.940935333,0.106969333,0.925489333,0.006310708,0.006002654,0.007107979,0.006735225,0.044423641,0.047812447,0.046677564,0.043626893,0.000848179,0.000916332,0.000203766,0.00082366
ibc,all,200,0.001501285,0.001991717,0.045843778,0.002424136,0.000591923,0.000700224,0.000207022,0.00066203,0.945842667,0.949902,0.102410667,0.929048667,0.005910552,0.00557356,0.006971813,0.006744777,0.031169856,0.033231306,0.046742616,0.030892647,0.000575626,0.000616966,0.000204677,0.00058007
ibc,flan-ul2,25,0.004173404,0.004224722,0.225539917,0.008928932,0.0017698,0.001781823,0.000479582,0.002238837,0.930279678,0.933760563,0,0.92178672,0.006534116,0.006406065,0,0.00680629,0.094356304,0.094131273,0.226320371,0.095122209,0.001636969,0.00162568,0.000475262,0.001641262
ibc,flan-ul2,100,0.001941445,0.001826877,0.223997454,0.00404596,0.000793037,0.000784666,0.000478064,0.000963757,0.951537333,0.950153333,0,0.938150667,0.005696446,0.005746241,0,0.006366584,0.045816665,0.046670682,0.224769003,0.046620715,0.000886556,0.000908805,0.000476204,0.000889322
ibc,flan-ul2,200,0.001192839,0.001198737,0.224720466,0.002265945,0.000539065,0.000538469,0.000464352,0.000719445,0.955510667,0.955684667,0,0.944778667,0.005119123,0.00529412,0,0.005761808,0.031574842,0.032569953,0.225474941,0.031846895,0.000567561,0.000588484,0.000465284,0.00057866
indian_english_dialect,all,25,0.001760083,0.001751989,0.053926434,0.003005843,0.000253126,0.00025205,4.15E-05,0.000305894,0.46882494,0.471043125,0.369845577,0.46830082,0.004558499,0.004547624,0.002778889,0.004510294,0.034564092,0.034262102,0.055025232,0.031748777,0.000322747,0.000321437,3.93E-05,0.000299405
indian_english_dialect,all,100,0.000858178,0.000858656,0.053990313,0.002043294,0.000128453,0.000127528,3.89E-05,0.000142796,0.862130261,0.862282348,0.368879739,0.847768783,0.003149911,0.003171812,0.002722336,0.003252569,0.017075652,0.017245062,0.055085159,0.015863986,0.000127179,0.000131943,3.68E-05,0.000114581
indian_english_dialect,all,200,0.000558503,0.000560822,0.053953419,0.001057736,8.32E-05,8.44E-05,4.01E-05,0.000101978,0.898800348,0.898564609,0.375389217,0.891388522,0.002827204,0.002845789,0.002811164,0.002973183,0.011916299,0.012006339,0.055041366,0.011559081,9.00E-05,9.12E-05,3.79E-05,8.67E-05
indian_english_dialect,flan-ul2,25,0.001643403,0.00161121,0.051955069,0.002590954,0.000242052,0.000237228,0.000114616,0.000274452,0.477569329,0.479372758,0.48070615,0.477440294,0.004422254,0.0044162,0.00331628,0.004409925,0.034089809,0.033906512,0.055156918,0.031738144,0.000300563,0.000303306,0.000108164,0.000283418
indian_english_dialect,flan-ul2,100,0.000813119,0.000814641,0.051999136,0.001710602,0.000118994,0.000118566,0.000111162,0.000137374,0.872118783,0.873008609,0.480574087,0.859588174,0.003024232,0.002993631,0.003237502,0.003212609,0.016799713,0.016961007,0.055288549,0.015872299,0.00012416,0.000127984,0.000106386,0.000114547
indian_english_dialect,flan-ul2,200,0.000734838,0.000727912,0.052112143,0.001109777,9.97E-05,1.00E-04,0.000107871,0.000111437,0.903073391,0.901887826,0.475591304,0.896064174,0.00270291,0.002722931,0.003265919,0.002819466,0.011820669,0.011888517,0.055403269,0.01152687,8.33E-05,8.43E-05,0.000102696,8.07E-05
media_ideology,all,25,0.005679444,0.005700148,0.083045888,0.010926476,0.002080648,0.002070625,0.000194462,0.002053297,0.927034553,0.941767615,0.001361111,0.932334011,0.006506726,0.005885037,0.000930137,0.006495212,0.094496407,0.094469516,0.08346305,0.093792818,0.001576306,0.001579432,0.000192144,0.001558912
media_ideology,all,100,0.001629979,0.001763684,0.083139707,0.003261617,0.000731207,0.000773138,0.00019376,0.000902938,0.936838,0.940874667,0,0.922810667,0.006160604,0.006122054,0,0.006623193,0.044546636,0.047824899,0.083557795,0.043643731,0.000809917,0.000879702,0.000192842,0.000790653
media_ideology,all,200,0.001873645,0.002017496,0.08310453,0.00269337,0.000670091,0.000724026,0.000194865,0.000650071,0.942696667,0.950097333,0,0.920686667,0.006099788,0.005726526,0,0.006978974,0.031031234,0.033219713,0.083524617,0.030939517,0.000579234,0.000614369,0.00019351,0.000585504
media_ideology,flan-ul2,25,0.004229718,0.004268122,0.105113042,0.006352846,0.001722932,0.001739673,0.000516194,0.002002825,0.930625084,0.933930919,0.043625084,0.925126761,0.006512281,0.006475385,0.005148525,0.006819078,0.094359633,0.09412309,0.107302964,0.094887613,0.001713042,0.001705925,0.000504888,0.001680993
media_ideology,flan-ul2,100,0.001920783,0.001818525,0.105851779,0.003749329,0.000787495,0.000793528,0.00054467,0.000955841,0.953555333,0.950179333,0.047844,0.939436,0.005433171,0.005533073,0.005491209,0.006231235,0.045225271,0.046647996,0.108373071,0.046221648,0.00085928,0.000860144,0.000540641,0.000873581
media_ideology,flan-ul2,200,0.001164448,0.001206975,0.105471635,0.002101563,0.000501208,0.000523799,0.000516756,0.000734524,0.954766,0.955361333,0.040229333,0.940542667,0.00538591,0.005374476,0.005004976,0.006178,0.031892012,0.032580092,0.107723223,0.032211669,0.000577999,0.000585013,0.000509076,0.000582794
mrf_classification,all,25,0.004013888,0.004011362,0.039243658,0.009556279,0.003042781,0.003032981,0.000445555,0.004614358,0.912395538,0.920348884,0.040438134,0.912204868,0.013084483,0.012236226,0.008921549,0.012598535,0.107185962,0.107011269,0.040576531,0.103390895,0.003419436,0.003414783,0.000432382,0.00333243
mrf_classification,all,100,0.001814492,0.002563836,0.038405296,0.002267884,0.001409329,0.001838489,0.00044623,0.001561124,0.932666,0.928578,0.02969,0.908362,0.011072988,0.011506969,0.007616687,0.012545212,0.046016498,0.053204397,0.039659987,0.044738996,0.001409782,0.00158295,0.000435543,0.001395602
mrf_classification,all,200,0.001241246,0.001394501,0.03844693,0.001250468,0.000905488,0.001013338,0.000421165,0.000915453,0.950184,0.95017,0.020066,0.930296,0.009935031,0.009944747,0.006125779,0.011078046,0.030528825,0.035049951,0.039594133,0.03026291,0.000884761,0.001093549,0.000415949,0.00089073
mrf_classification,flan-ul2,25,0.00367504,0.003575479,0.087268673,0.008538358,0.002822853,0.002725345,0.001036245,0.004137401,0.938862903,0.931090726,0.032211694,0.929231855,0.010633019,0.011368672,0.007948258,0.011766814,0.09945664,0.099431745,0.090078818,0.096458779,0.003231273,0.003248927,0.001030648,0.003168171
mrf_classification,flan-ul2,100,0.002859973,0.003177952,0.087091456,0.00174038,0.001753838,0.00197127,0.000970739,0.001328783,0.960324,0.948056,0.01002,0.95618,0.008834765,0.009963942,0.004600518,0.009197184,0.043265539,0.04948291,0.089782611,0.04307573,0.00134289,0.001536586,0.000987412,0.001335889
mrf_classification,flan-ul2,200,0.002448672,0.002028615,0.08696106,0.001663549,0.001304663,0.001341111,0.000957632,0.001109601,0.948538,0.93847,0.016234,0.942188,0.009880292,0.010833119,0.005725559,0.010489742,0.031253367,0.036112576,0.089479456,0.031297361,0.001073996,0.001303253,0.000955344,0.001096559
persuasion,all,25,0.003782322,0.003786835,0.305864819,0.003892871,0.002833703,0.002841806,0.000254695,0.002911235,0.921912779,0.94115213,0,0.943263692,0.012678224,0.01092304,0,0.010760893,0.104370566,0.104396918,0.305920521,0.106888005,0.003787169,0.003769445,0.000254174,0.003809002
persuasion,all,100,0.001650186,0.001662618,0.305961189,0.002492412,0.001273244,0.001283562,0.000245819,0.001640867,0.963774,0.967728,0,0.951908,0.008276075,0.00778734,0,0.009397864,0.046230155,0.046437303,0.306011066,0.047419211,0.001638958,0.001617662,0.000245415,0.00161887
persuasion,all,200,0.002149562,0.00195628,0.306531158,0.003529638,0.001362901,0.001306508,0.000254242,0.001538682,0.939982,0.938004,0,0.917716,0.011218267,0.01100514,0,0.012506469,0.035612222,0.035963479,0.306585556,0.036056949,0.00117793,0.001183089,0.000254186,0.001192396
persuasion,flan-ul2,25,0.004101627,0.004098717,0.421648998,0.003940325,0.00315971,0.00315435,0.000579493,0.002921095,0.933829659,0.921659319,0,0.907519038,0.010995915,0.012051355,0,0.013173714,0.101101727,0.101435948,0.421841421,0.104106604,0.003337322,0.003353543,0.000577175,0.00347876
persuasion,flan-ul2,100,0.00213616,0.002343723,0.421021046,0.004341451,0.00156646,0.001641991,0.000580212,0.002019292,0.958212,0.960224,0,0.958352,0.009270221,0.008873137,0,0.008874844,0.046860178,0.046769534,0.421225053,0.047813038,0.001639092,0.001612183,0.000578459,0.001650543
persuasion,flan-ul2,200,0.001227596,0.001229237,0.421587811,0.00166786,0.00093713,0.000941693,0.000560404,0.001185802,0.951274,0.955434,0,0.947692,0.009478754,0.009196098,0,0.009874951,0.034990265,0.035144387,0.421776399,0.035553469,0.001083339,0.001086209,0.000558126,0.001087948
politeness,all,25,0.005663462,0.005712507,0.116948127,0.010796551,0.002060207,0.002059103,0.000196497,0.002188422,0.927410569,0.94224729,0,0.932101626,0.006711147,0.005911731,0,0.006408439,0.094435936,0.094412343,0.117219862,0.092952423,0.001592888,0.00160769,0.000196005,0.001562153
politeness,all,100,0.001531987,0.001768924,0.116545671,0.004876834,0.000677569,0.000771557,0.00018446,0.000811103,0.940150667,0.940872667,0,0.926544,0.006173804,0.005946543,0,0.006592316,0.04327423,0.047851718,0.116823408,0.042254887,0.000819301,0.00090425,0.000182927,0.000798271
politeness,all,200,0.001553632,0.002007734,0.116746856,0.00283047,0.000628011,0.000748732,0.000187306,0.000579472,0.949493333,0.950186667,0,0.926482667,0.005609722,0.005687975,0,0.00691978,0.030249984,0.033205686,0.117012714,0.030019234,0.000552507,0.000620022,0.000185769,0.000564864
politeness,flan-ul2,25,0.00416279,0.004223112,0.16852972,0.007420967,0.001710362,0.001719342,0.000518564,0.001830116,0.930508384,0.933752515,0.201557344,0.920256204,0.006401657,0.006394582,0.00715295,0.007048704,0.094321416,0.094089571,0.171407025,0.093951918,0.001662244,0.001665131,0.000482371,0.00162879
politeness,flan-ul2,100,0.001826391,0.001840862,0.168314024,0.004404321,0.00078526,0.000789835,0.000487279,0.001050987,0.950580667,0.950030667,0.216857333,0.939868,0.005531534,0.005625778,0.00713747,0.006245089,0.045040332,0.046650993,0.170619269,0.045886257,0.000803709,0.000833655,0.000468043,0.000800374
politeness,flan-ul2,200,0.001188692,0.001197391,0.168695993,0.002584407,0.000495076,0.000508408,0.000506625,0.000703338,0.958598,0.955172667,0.218714667,0.945992,0.004982826,0.005139752,0.007124263,0.005793843,0.031393838,0.032586017,0.17114935,0.031601369,0.000574302,0.000572874,0.00048573,0.000582737
power,all,25,0.004016025,0.004011362,0.171610004,0.004421468,0.003042319,0.003032981,0.000307601,0.003254221,0.912395538,0.920348884,0,0.920174442,0.013084483,0.012236226,0,0.012234965,0.107250272,0.107011269,0.171743956,0.109894574,0.00341768,0.003414783,0.000307793,0.003480581
power,all,100,0.002423662,0.002563836,0.171789798,0.006280424,0.001772741,0.001838489,0.000292093,0.002361723,0.926646,0.928578,0,0.908518,0.01191506,0.011506969,0,0.012852894,0.052219364,0.053204397,0.171913587,0.05235431,0.001584187,0.00158295,0.000291612,0.001633121
power,all,200,0.001414813,0.001394501,0.171807349,0.003307669,0.001016125,0.001013338,0.000279085,0.001459478,0.942284,0.95017,0,0.938314,0.010603385,0.009944747,0,0.01090102,0.033982326,0.035049951,0.171924712,0.03384033,0.001046006,0.001093549,0.000279221,0.001055058
power,flan-ul2,25,0.003687261,0.003575479,0.26905221,0.005090019,0.002832719,0.002725345,0.00088737,0.003539807,0.938862903,0.931090726,0,0.92728629,0.010633019,0.011368672,0,0.011895581,0.09941518,0.099431745,0.269716934,0.101904018,0.003234196,0.003248927,0.00088472,0.003330132
power,flan-ul2,100,0.003289677,0.003177952,0.267989324,0.004217484,0.00199605,0.00197127,0.000911961,0.002166416,0.948388,0.948056,0,0.940404,0.009886314,0.009963942,0,0.010686018,0.049028113,0.04948291,0.268752146,0.049803259,0.00156805,0.001536586,0.000904194,0.00162589
power,flan-ul2,200,0.001965802,0.002028615,0.267596412,0.002118973,0.001319067,0.001341111,0.000797877,0.00137065,0.944416,0.93847,0,0.93816,0.010325772,0.010833119,0,0.011102868,0.03551912,0.036112576,0.268213364,0.036081213,0.001264779,0.001303253,0.00079522,0.001313716
raop,all,25,0.003524717,0.003466856,0.069381248,0.013716215,0.00084015,0.000843009,0.000108544,0.001109293,0.873397213,0.898296167,0.17668583,0.873599303,0.00565195,0.005223688,0.003263216,0.005769402,0.071078164,0.070987349,0.07055283,0.066360764,0.000942834,0.000939275,0.000103022,0.000883649
raop,all,100,0.001628873,0.001936196,0.069404242,0.006034112,0.000391192,0.000455329,0.000110441,0.000508427,0.936752571,0.937400571,0.171237714,0.910816571,0.004042147,0.003974078,0.003338462,0.004779528,0.031931085,0.035191692,0.070716714,0.031174068,0.000379941,0.000416683,0.000104882,0.000357838
raop,all,200,0.001012953,0.001100145,0.069304577,0.002558146,0.000271099,0.000295405,0.000114207,0.000367411,0.943624286,0.941896857,0.175604571,0.921207143,0.003972529,0.00407439,0.003229005,0.004694246,0.022741156,0.024948206,0.070589823,0.022485106,0.000293226,0.000319623,0.000106951,0.000281959
raop,flan-ul2,25,0.003070623,0.003106473,0.079188073,0.012171687,0.000834901,0.000841056,0.000292696,0.001051435,0.873422535,0.894594136,0.105948261,0.86892814,0.005426415,0.004986996,0.004601838,0.005461718,0.070640477,0.070603829,0.081273281,0.065936262,0.000834258,0.000829582,0.000290344,0.000765287
raop,flan-ul2,100,0.001954819,0.001997666,0.078979735,0.0056204,0.000451785,0.000474265,0.000281657,0.000521596,0.937249143,0.939963714,0.107336857,0.918884,0.004047638,0.003909738,0.004740423,0.004573566,0.032649615,0.034824663,0.081065747,0.032023267,0.00040824,0.000435038,0.000278547,0.0003898
raop,flan-ul2,200,0.00101302,0.001111761,0.079719699,0.002685916,0.000270226,0.000298358,0.000297579,0.000365447,0.947605714,0.946534,0.108254857,0.924374286,0.003792795,0.003769089,0.004710233,0.004567941,0.023501902,0.024945468,0.081786044,0.023415308,0.00027783,0.000292451,0.000292099,0.000272169
semeval_stance,all,25,0.005393734,0.005352576,0.13280411,0.012049712,0.002022227,0.002009886,0.000271967,0.002207093,0.92398583,0.932786775,0,0.921383266,0.00701484,0.006603579,0,0.007372773,0.09704604,0.097060309,0.133277088,0.09225323,0.001699162,0.001712909,0.000268875,0.001706532
semeval_stance,all,100,0.001770165,0.002248323,0.133029653,0.002555535,0.000745549,0.00089595,0.000279331,0.000838686,0.950117333,0.947856667,0,0.923153333,0.005671739,0.005787655,0,0.007064257,0.040225229,0.046202323,0.13355798,0.03974565,0.000730637,0.000826656,0.000279268,0.000733698
semeval_stance,all,200,0.001147482,0.00121223,0.132763905,0.001576739,0.000487614,0.000534255,0.000271921,0.000573859,0.949774667,0.953576,0,0.929656667,0.00567514,0.005544674,0,0.006755622,0.028759689,0.03262779,0.133254984,0.028508085,0.000567423,0.000627653,0.000270996,0.00054451
semeval_stance,flan-ul2,25,0.003918002,0.003883475,0.206803904,0.006713536,0.001659422,0.001644689,0.000530694,0.001974228,0.926786907,0.932183701,0.028462258,0.927897796,0.006692319,0.006357341,0.004072818,0.006607586,0.096855363,0.096676683,0.20843289,0.093229544,0.001721969,0.00171364,0.000522271,0.001705793
semeval_stance,flan-ul2,100,0.001824489,0.001912263,0.207058153,0.002281547,0.000763326,0.000826327,0.000517823,0.000819607,0.934358667,0.946298667,0.035378,0.918631333,0.006394183,0.005795203,0.004846963,0.007038044,0.043350351,0.047762235,0.208739423,0.043171206,0.000797089,0.000858671,0.000516333,0.000797724
semeval_stance,flan-ul2,200,0.001099865,0.001196112,0.206821899,0.001695902,0.000464403,0.0005035,0.00047393,0.000615536,0.966025333,0.956650667,0.02054,0.946042667,0.004774089,0.005256005,0.00353031,0.00579799,0.029320199,0.032496396,0.208203274,0.02937543,0.000507185,0.000579205,0.000468528,0.000507803
talklife,all,25,0.005626271,0.005677766,0.166599983,0.005513566,0.002053995,0.002058176,0.000109483,0.001932326,0.927233062,0.941920732,0,0.937044715,0.006839756,0.006063116,0,0.006261766,0.094540632,0.094462092,0.166689875,0.095676457,0.00168837,0.001697544,0.000109437,0.001709967
talklife,all,100,0.001775886,0.001775218,0.166394747,0.002657126,0.000772056,0.000766438,0.000107983,0.001027565,0.939293333,0.940599333,0,0.929988,0.006277475,0.006236106,0,0.006652694,0.047734264,0.047864822,0.166475692,0.04838017,0.000919959,0.000917747,0.000107893,0.00095037
talklife,all,200,0.001851169,0.001950854,0.166411347,0.002759808,0.000714569,0.000737306,0.000108757,0.000735562,0.949729333,0.949572667,0,0.929603333,0.005539202,0.005482,0,0.006610137,0.033080169,0.03324215,0.166497473,0.033301495,0.00061068,0.000612726,0.000108608,0.000619141
talklife,flan-ul2,25,0.004129247,0.004180493,0.246229798,0.004088637,0.001767631,0.001779967,0.000496436,0.001735695,0.930587525,0.933910798,0,0.928623072,0.006602708,0.006487978,0,0.006648313,0.094356041,0.094137879,0.246933189,0.095704642,0.001710442,0.001712378,0.000495881,0.001724553
talklife,flan-ul2,100,0.001800468,0.001854744,0.246664407,0.002459733,0.000808754,0.000837029,0.000463827,0.000908228,0.948529333,0.949781333,0,0.93649,0.005578673,0.00549571,0,0.006044096,0.046523937,0.046692945,0.247324872,0.047456056,0.000810573,0.000813766,0.000459918,0.000816911
talklife,flan-ul2,200,0.001213693,0.001189239,0.24714857,0.002548725,0.000545509,0.000533873,0.000444182,0.000767667,0.952754,0.955391333,0,0.949319333,0.005472567,0.005287231,0,0.005669995,0.032456528,0.032602635,0.247761184,0.032808225,0.000593299,0.00059177,0.000443526,0.000597795
tempowic,all,25,0.004032128,0.004114087,0.166474683,0.003511637,0.002837967,0.002882207,0.000251946,0.00262332,0.940679513,0.944742394,0,0.94068357,0.010679989,0.01017613,0,0.010472624,0.095795696,0.095854675,0.166565768,0.096193089,0.002967545,0.002984593,0.000252232,0.003050075
tempowic,all,100,0.004256655,0.004333694,0.166966645,0.004454891,0.002100529,0.002205654,0.000249464,0.002089506,0.93379,0.937706,0,0.924032,0.010830198,0.010526365,0,0.011242659,0.049789505,0.051938092,0.167068488,0.049124841,0.001507982,0.001556759,0.00024984,0.001516124
tempowic,all,200,0.001706073,0.002312843,0.167012058,0.001504514,0.001215275,0.00139245,0.000248865,0.001130109,0.95017,0.95616,0,0.945988,0.009690253,0.009063363,0,0.01026066,0.033383119,0.034542593,0.167107122,0.033453695,0.00108932,0.001122733,0.000248729,0.001069594
tempowic,flan-ul2,25,0.005061299,0.005252112,0.455851149,0.004302445,0.003394873,0.00344302,0.000493855,0.003057075,0.936259036,0.950066265,0,0.931967871,0.011415317,0.009805934,0,0.011369019,0.096936655,0.096855886,0.455988219,0.098894655,0.003011806,0.002988697,0.000492183,0.003024511
tempowic,flan-ul2,100,0.004256599,0.004824929,0.455583686,0.002623953,0.002175272,0.002265103,0.000523952,0.001829262,0.9319,0.939596,0,0.921712,0.011224437,0.010903379,0,0.012151737,0.050983279,0.052261982,0.455729214,0.051406296,0.001740288,0.001835983,0.000523704,0.00176315
tempowic,flan-ul2,200,0.001302328,0.001529581,0.45666518,0.001162086,0.000967244,0.001116279,0.000509278,0.00088803,0.968044,0.956026,0,0.95607,0.008003882,0.00942062,0,0.009251848,0.032173555,0.033372225,0.456796548,0.032289878,0.001012639,0.001050319,0.000508441,0.001024179
