,label,dist_embeds,q_flan-t5-small,q_flan-t5-base,q_flan-t5-large,q_flan-t5-xl,q_flan-t5-xxl,q_flan-ul2,q_text-babbage-001,q_text-curie-001,q_text-davinci-001,q_text-davinci-003,q_chatgpt
0,0,0.9581489861011505,0,0,1,0,0,0,1,0,0,0,1
1,0,0.8357113748788834,1,0,1,1,0,1,0,0,0,1,0
2,0,0.8648225665092468,1,0,1,0,0,0,1,0,0,0,1
3,0,0.843409463763237,1,0,1,0,0,0,1,0,1,0,0
4,0,0.7734263986349106,1,1,1,1,0,0,0,0,0,1,0
5,0,0.8752796202898026,1,1,1,1,0,0,0,0,0,0,0
6,0,0.7939939349889755,1,0,1,1,0,0,0,0,0,0,0
7,0,0.9430350475013256,1,0,1,1,0,0,0,0,0,0,1
8,0,0.9708529897034168,1,0,1,1,0,0,1,0,0,0,1
9,0,0.9127699136734009,1,0,1,1,0,0,0,0,0,0,1
10,0,0.9061189368367195,1,0,1,1,0,0,0,0,0,0,0
11,0,0.9383663199841976,1,0,1,0,0,0,0,0,0,0,0
12,0,0.9337462335824966,1,0,0,0,0,0,0,0,0,0,0
13,0,0.8537517338991165,1,0,1,1,0,0,0,0,0,0,1
14,0,0.8091124445199966,1,0,1,0,0,0,0,0,0,0,0
15,0,0.9134874418377876,1,0,1,1,0,0,0,0,0,0,1
16,0,0.9818160235881805,1,0,0,0,0,0,0,0,0,0,0
17,0,0.8858888894319534,1,0,0,0,0,0,0,0,0,0,0
18,0,0.8591750711202621,1,0,1,0,0,0,0,0,0,0,0
19,0,0.8769697025418282,0,0,0,0,0,0,1,0,0,0,0
20,0,0.9096348285675049,1,0,1,1,0,1,0,0,0,1,0
21,0,0.8846236765384674,0,0,0,0,0,0,1,0,0,1,1
22,0,1.0536322854459286,1,0,1,0,0,0,0,0,0,0,1
23,0,0.8618854433298111,0,0,1,0,0,1,0,0,0,0,1
24,0,0.933260552585125,1,0,1,0,0,0,0,0,0,0,0
25,0,0.9780788905918598,1,0,1,0,0,0,0,0,0,0,0
26,0,0.9512587673962116,0,0,1,0,1,1,0,0,0,0,0
27,0,0.9296047016978264,0,0,0,1,0,0,0,0,0,0,0
28,0,0.8482581973075867,1,0,1,1,0,0,0,0,0,0,1
29,0,1.0562944561243057,1,0,1,0,0,0,0,0,0,0,1
30,0,0.8673368245363235,1,0,1,1,0,1,0,0,0,0,0
31,0,0.8341615945100784,1,0,1,1,0,0,0,0,0,0,0
32,0,0.8766149282455444,0,0,1,0,0,0,0,0,0,0,1
33,0,0.9464650005102158,1,1,1,0,0,0,0,0,0,0,1
34,0,0.9586896561086178,1,0,1,0,0,0,0,0,0,0,1
35,0,0.9599084258079529,0,1,1,1,0,0,0,0,0,0,0
36,0,0.8980697393417358,1,0,1,1,0,0,0,0,0,0,1
37,0,0.8822899982333183,1,1,1,1,0,0,0,0,0,0,0
38,0,0.925838053226471,1,0,1,0,0,0,0,0,0,0,1
39,0,0.8416073620319366,1,0,1,1,0,0,1,0,0,0,0
40,0,0.9508139677345753,1,1,0,0,0,0,1,0,0,0,1
41,0,1.0559588223695755,1,0,1,0,0,0,0,0,0,1,0
42,0,0.9140803962945938,1,1,1,0,0,0,0,0,0,0,1
43,0,0.8444852381944656,1,0,1,1,0,0,0,0,0,0,0
44,0,0.9097012355923653,0,0,1,1,0,1,0,0,0,1,1
45,0,1.0072821113280952,0,1,1,1,0,1,0,0,0,1,0
46,0,0.9478289596736431,1,0,1,1,0,1,0,0,0,0,0
47,0,0.9441120103001595,1,0,1,1,0,0,0,0,0,0,0
48,0,1.0182965453714132,1,0,1,0,0,0,1,0,0,0,1
49,0,0.8896709829568863,1,0,1,1,0,1,0,0,0,1,0
50,0,0.9082375541329384,1,0,1,0,0,0,0,0,0,0,0
51,0,0.9310533180832863,1,0,1,0,0,0,0,0,0,0,0
52,0,0.9168689921498299,1,1,1,0,0,0,0,0,0,0,1
53,0,0.9115091562271118,0,0,1,0,0,0,0,0,0,0,0
54,0,0.9209614843130112,1,0,1,0,0,0,1,0,0,0,0
55,0,0.934262253344059,1,0,0,0,0,0,0,0,0,0,0
56,0,0.8892517387866974,1,0,1,1,0,0,0,1,0,0,0
57,0,0.9203898012638092,1,0,1,0,0,0,1,0,0,0,1
58,0,0.9049314334988594,1,0,1,0,0,0,0,0,0,0,0
59,0,0.9429936222732067,0,0,1,0,0,0,0,0,0,0,1
60,0,0.924878403544426,0,0,1,1,0,1,0,0,0,0,0
61,0,0.792764276266098,1,1,1,1,0,1,0,0,0,1,0
62,0,0.9350065588951111,0,0,0,0,0,0,0,0,0,0,1
63,0,0.9439298324286938,0,0,0,0,0,0,0,0,0,1,1
64,0,0.9106076881289482,1,0,1,0,0,0,0,0,0,1,0
65,0,0.916545920073986,1,1,1,1,0,0,0,0,0,0,0
66,0,0.9378154128789902,1,1,0,0,0,0,0,0,0,0,1
67,0,0.9459730833768845,1,0,1,1,0,0,0,0,0,0,1
68,0,0.8861949816346169,1,1,1,0,0,0,1,0,0,0,0
69,0,0.8198526501655579,1,1,1,0,0,0,0,0,0,0,0
70,0,0.7734469175338745,1,1,1,1,0,0,0,0,0,1,0
71,0,0.8315599858760834,1,0,1,1,0,0,0,0,0,0,0
72,0,0.9185281619429588,1,0,1,0,0,0,0,0,0,0,0
73,0,0.8473621010780334,1,0,1,0,0,0,0,0,0,0,0
74,0,0.8526394665241241,0,0,0,0,0,0,0,0,0,1,1
75,0,0.9264920875430107,1,0,1,1,0,0,0,1,0,0,1
76,0,0.8585559725761414,1,0,1,0,0,0,0,0,0,0,0
77,0,0.9099546372890472,1,0,1,0,0,0,0,0,0,0,0
78,0,0.8802058473229408,1,0,1,0,0,0,0,0,0,0,0
79,0,0.9405260011553764,1,0,1,1,0,0,0,0,0,1,0
80,0,0.8520923405885696,1,1,1,1,0,1,0,0,0,0,0
81,0,0.9299216940999031,1,0,1,0,0,0,0,0,0,0,0
82,0,0.772830918431282,1,0,1,0,0,0,0,0,0,0,0
83,0,0.8795510530471802,1,0,1,0,0,0,0,0,0,1,0
84,0,0.8956736773252487,0,0,1,0,0,0,0,0,0,0,1
85,0,0.8995821997523308,1,1,1,0,0,1,0,0,0,1,1
86,0,0.8702575713396072,1,1,1,1,0,0,0,0,0,0,0
87,0,0.8470745235681534,0,0,0,0,0,1,0,0,0,1,1
88,0,0.9580463208258152,1,0,0,0,0,0,0,0,0,0,0
89,0,0.9269393011927605,1,0,0,0,0,0,0,0,0,0,1
90,0,0.9154255837202072,1,0,1,0,0,0,1,0,0,0,0
91,0,0.9230023920536041,1,1,0,0,0,0,0,0,0,0,1
92,0,0.8933321610093117,1,0,1,1,0,0,0,0,0,0,1
93,0,0.9183231592178345,1,1,1,0,0,0,0,0,0,0,0
94,0,1.0747779607772827,1,0,1,0,0,0,0,0,0,0,1
95,0,0.9409602582454681,1,0,1,1,0,0,0,0,0,0,0
96,0,0.973510853946209,0,0,1,0,0,0,0,0,0,0,0
97,0,0.8879674524068832,1,0,1,1,0,0,0,0,0,0,0
98,0,0.9861588636413217,1,0,1,1,0,0,0,0,0,1,1
99,0,0.8189184814691544,1,0,1,1,0,0,0,0,0,0,0
100,0,0.8815721869468689,1,0,1,0,0,0,0,0,0,0,1
101,0,0.8633289784193039,0,0,1,1,1,1,0,0,0,1,1
102,0,0.948578305542469,1,1,1,0,0,0,0,0,0,0,0
103,0,0.9102437123656273,1,0,1,0,0,0,1,0,0,0,0
104,0,0.9184784814715385,1,0,1,1,0,0,0,0,0,0,1
105,0,0.9067884758114815,1,0,1,1,0,0,1,0,0,0,0
106,0,0.8622609972953796,0,0,1,1,0,0,0,0,0,0,1
107,0,0.9337928593158722,1,0,1,1,1,1,0,0,0,1,0
108,0,0.9462330229580402,1,0,1,0,0,0,0,0,0,0,0
109,0,0.813338041305542,1,0,1,1,0,0,0,0,0,0,0
110,0,0.9393450878560543,1,0,1,1,0,0,1,0,0,0,0
111,0,0.8977295458316803,1,0,1,0,0,0,0,0,0,0,0
112,0,0.9536217860877514,0,0,0,0,0,0,0,0,0,0,0
113,0,0.8416146486997604,1,0,1,1,0,0,0,0,0,0,0
114,0,0.845427542924881,0,0,1,0,0,1,0,0,0,0,1
115,0,0.8672132194042206,1,0,1,0,0,0,0,0,0,0,1
116,0,0.9907153574749827,1,0,1,1,0,0,0,0,0,0,0
117,0,0.8825111836194992,1,1,1,1,0,1,0,0,0,0,0
118,0,0.8440472334623337,1,0,1,1,0,0,0,0,0,0,0
119,0,1.0937668085098267,0,0,0,0,0,0,0,0,0,0,0
120,0,0.9404340088367462,1,1,1,1,0,0,1,0,0,0,0
121,0,0.8991993069648743,1,1,1,1,0,0,0,0,0,0,0
122,0,0.8854026719927788,1,1,1,1,0,0,1,0,0,0,0
123,0,0.8576198369264603,1,1,1,0,0,0,0,0,0,0,1
124,0,0.9124492704868317,1,0,0,0,0,0,0,0,0,0,1
125,0,0.9073683246970177,1,0,1,0,0,0,0,0,0,0,1
126,0,1.0148906037211418,1,0,1,0,0,0,0,0,0,0,0
127,0,0.8415790945291519,1,0,1,0,0,0,0,0,0,0,0
128,0,0.8521121889352798,1,0,1,0,0,0,0,0,0,0,0
129,0,0.8901756182312965,1,0,1,0,0,0,0,0,0,0,0
130,0,0.9085718020796776,1,0,1,0,0,0,0,0,0,0,0
131,0,0.9913480700924993,1,0,1,0,0,0,0,0,0,0,1
132,0,1.0802997201681137,1,0,0,0,0,0,0,0,0,0,0
133,0,0.7619355022907257,1,1,1,1,0,0,0,0,0,0,0
134,0,0.8489340841770172,1,1,1,1,0,0,0,0,0,0,1
135,0,0.8766129240393639,1,1,1,1,0,1,0,0,0,0,1
136,0,0.9974897128995508,1,0,1,0,0,0,0,0,0,0,0
137,0,0.8149794638156891,1,0,1,1,0,0,0,1,0,1,0
138,0,0.8197742104530334,0,0,1,0,0,0,0,0,0,0,0
139,0,0.8475103676319122,1,0,1,1,0,0,0,0,0,0,0
140,0,0.9112487435340881,0,0,1,1,0,0,0,0,1,0,0
141,0,0.9550423845648766,1,0,1,0,0,0,0,0,0,0,0
142,0,0.8636588901281357,1,0,1,0,0,0,0,0,0,0,1
143,0,0.9025109186768532,0,0,1,0,0,0,0,0,0,0,0
144,0,0.8744145333766937,0,0,1,0,0,0,0,0,0,0,1
145,0,0.9293528273701668,0,0,1,0,0,0,0,0,0,0,0
146,0,0.9244797378778458,0,0,1,0,0,0,0,0,0,0,0
147,0,0.8473113179206848,1,0,1,0,0,0,0,0,0,1,0
148,0,0.8995310142636299,0,0,0,0,0,0,0,0,0,0,0
149,0,0.7873919457197189,1,1,1,0,0,0,0,0,0,0,0
150,0,0.8361549079418182,1,1,1,1,0,0,0,0,0,0,1
151,0,0.9717390295118093,1,0,1,0,0,0,1,0,0,0,1
152,0,0.9766390193253756,1,0,1,1,0,0,0,0,0,0,0
153,0,0.8918695896863937,1,0,1,0,0,1,0,0,0,0,0
154,0,0.9700715616345406,1,0,1,1,0,0,1,0,0,0,0
155,0,0.8392845392227173,1,1,1,1,0,0,0,0,0,0,0
156,0,0.8538938164710999,1,0,1,1,0,0,0,0,0,0,0
157,0,0.9321926757693291,1,1,1,1,0,0,0,0,0,0,1
158,0,0.8838356882333755,1,1,1,1,0,0,0,0,0,0,0
159,0,0.8695609122514725,0,1,1,1,0,0,0,0,0,0,0
160,0,0.8847599700093269,0,0,1,1,0,0,0,0,0,1,0
161,0,0.8952041640877724,1,1,1,1,0,0,0,0,0,0,1
162,0,0.913807637989521,1,1,1,0,0,0,0,0,0,0,1
163,0,0.9741973802447319,1,0,1,1,0,0,1,0,0,1,1
164,0,0.8761229664087296,1,0,1,1,0,0,1,0,0,0,1
165,0,0.8282420486211777,0,0,1,0,0,0,0,0,0,0,1
166,0,1.08344167470932,0,0,0,0,0,0,0,0,0,0,1
167,0,0.9305494055151939,1,0,1,0,0,0,0,0,0,0,1
168,0,0.9794025607407093,0,0,1,1,0,0,0,0,0,0,0
169,0,0.8443809598684311,1,1,1,0,0,0,0,0,0,0,1
170,0,1.097801886498928,1,0,0,0,0,0,0,0,0,0,0
171,0,0.8926486819982529,1,1,1,0,0,0,0,0,0,0,0
172,0,0.8753058090806007,1,1,1,0,0,0,0,0,0,1,0
173,0,0.8192548155784607,0,0,0,0,0,0,0,0,0,0,0
174,0,0.8809435740113258,1,0,1,0,0,0,0,0,0,0,1
175,0,0.8600436598062515,0,0,1,0,0,0,0,0,0,0,0
176,0,0.8562431633472443,1,1,0,0,0,0,0,0,0,0,0
177,0,0.9159914553165436,1,0,0,0,0,0,1,0,0,0,0
178,0,0.7300809621810913,1,0,1,1,0,0,1,0,0,0,1
179,0,0.9192556515336037,1,0,1,1,0,0,0,0,0,0,1
180,0,1.0024644369259477,1,0,1,0,0,0,0,0,0,1,0
181,0,0.8272591978311539,1,0,1,1,0,0,1,0,0,0,0
182,0,0.8698168247938156,1,0,1,1,0,1,1,0,0,1,1
183,0,0.8403735011816025,0,0,1,1,0,0,0,0,0,1,0
184,0,0.8699067980051041,1,1,1,1,0,0,0,0,0,1,0
185,0,0.9107137471437454,1,0,1,0,0,0,0,0,0,0,1
186,0,0.8989181742072105,1,0,1,0,0,0,0,0,0,0,0
187,0,0.8762609213590622,1,0,1,1,0,0,0,0,0,1,0
188,0,0.8329872786998749,1,1,1,0,0,0,0,0,0,0,0
189,0,0.8822148442268372,1,0,1,1,0,1,0,0,0,0,0
190,0,0.9143144115805626,1,0,1,0,0,0,1,1,0,0,1
191,0,0.950422216206789,0,0,1,0,0,0,0,0,0,0,0
192,0,0.8790556117892265,0,0,1,1,1,1,0,1,0,1,0
193,0,1.0248763542622328,1,0,1,1,0,0,0,0,0,0,1
194,0,0.9803925976157188,1,0,1,0,0,0,0,0,0,0,1
195,0,0.8827701508998871,1,0,1,1,0,0,0,0,0,0,0
196,0,0.937708918005228,1,0,1,1,0,0,0,0,0,0,0
197,0,1.0068311863578856,0,1,1,0,0,0,0,0,0,0,0
198,0,0.9499174728989601,1,0,1,0,0,0,0,0,0,0,1
199,0,0.7587717026472092,1,0,1,1,0,0,0,0,0,0,1
200,0,0.9572740383446217,0,0,1,0,0,0,0,0,0,0,0
201,0,0.872755765914917,1,0,0,0,0,0,0,0,0,0,0
202,0,0.8872628509998322,1,0,1,0,0,0,0,0,0,0,0
203,0,0.8618030697107315,1,0,0,0,0,0,0,0,0,0,1
204,0,0.878211185336113,0,0,0,0,0,0,0,0,0,0,1
205,0,0.9158665388822556,0,0,0,0,0,0,0,0,0,0,0
206,0,0.9231886640191078,0,1,1,1,0,0,0,0,0,0,1
207,0,0.9202972650527954,1,0,1,1,0,0,0,0,0,0,0
208,0,0.881263978779316,1,1,1,1,0,0,1,0,0,0,0
209,0,1.0452289208769798,1,0,0,0,0,0,0,0,0,0,0
210,0,0.9001624286174774,0,0,1,1,0,1,0,0,0,0,0
211,0,0.8841123282909393,0,0,0,0,0,0,0,0,0,0,0
212,0,0.8678779602050781,1,1,0,0,0,0,1,0,0,0,0
213,0,0.9019478335976601,1,0,1,0,0,0,0,0,0,0,1
214,0,0.8621668666601181,1,0,1,1,0,0,0,0,0,0,1
215,0,0.9480649866163731,1,1,1,1,0,0,1,0,0,1,0
216,0,0.8458387702703476,1,1,1,1,0,0,1,0,0,1,1
217,0,0.7907068431377411,1,1,1,0,0,0,1,0,0,0,0
218,0,0.8051860481500626,1,0,1,1,0,1,0,0,0,1,0
219,0,0.9229745045304298,1,1,1,1,0,0,0,0,0,0,1
220,0,1.0107605587691069,0,0,1,0,0,0,0,0,0,1,0
221,0,0.7768134921789169,1,1,1,1,0,0,0,0,0,0,1
222,0,0.8677521198987961,1,1,0,0,0,0,0,1,1,0,0
223,0,0.9705150872468948,1,1,1,1,0,0,0,0,0,0,0
224,0,0.8811532109975815,1,0,1,0,0,0,1,0,0,0,0
225,0,0.8480906188488007,0,0,1,1,1,1,0,0,0,0,1
226,0,0.9145285934209824,1,0,1,1,0,1,0,0,0,1,0
227,0,0.8222020864486694,1,1,1,1,0,1,0,0,0,1,0
228,0,0.9459077604115009,1,0,1,1,0,0,0,0,0,0,1
229,0,0.8684673309326172,1,1,1,0,0,0,0,1,1,0,0
230,0,1.012643531896174,1,0,1,1,0,0,0,0,0,0,0
231,0,0.9504841156303883,0,0,0,0,0,0,1,0,0,0,1
232,0,0.8739759176969528,1,1,1,1,0,0,1,0,0,0,1
233,0,0.9820820204913616,0,0,1,1,0,1,0,0,0,1,1
234,0,0.9473776891827583,1,0,1,1,0,1,0,0,0,1,0
235,0,0.958242405205965,1,1,0,0,0,0,0,0,0,0,0
236,0,0.9215203747153282,0,1,1,1,0,0,0,0,0,0,0
237,0,0.9427675418555737,1,0,1,0,0,0,0,0,0,0,1
238,0,1.0414686873555183,1,0,1,0,0,0,1,0,0,0,0
239,0,0.859843522310257,1,0,1,0,0,0,0,0,0,0,0
240,0,0.8194385915994644,1,1,1,0,0,0,0,0,0,0,0
241,0,0.9003981500864029,0,0,1,0,0,0,0,0,0,1,1
242,0,0.9172861948609352,0,0,1,0,0,0,0,0,0,0,1
243,0,0.7575308233499527,1,1,1,1,0,1,0,0,0,0,1
244,0,0.8811165764927864,1,0,1,0,0,0,0,0,0,0,1
245,0,0.9684141576290131,0,0,1,1,0,0,0,0,0,0,0
246,0,0.8863993212580681,1,1,1,0,0,0,0,0,0,0,1
247,0,0.8343543857336044,1,0,1,0,0,0,0,0,0,0,1
248,0,0.922609232366085,1,0,1,1,0,0,0,0,0,0,0
249,0,0.9644153639674187,1,0,1,0,0,0,0,0,0,0,0
250,1,1.0469801276922226,1,1,1,1,0,0,0,0,0,0,1
251,1,0.8396616131067276,1,1,1,0,0,0,0,0,0,0,0
252,1,1.0007981006638147,1,0,1,0,0,0,0,0,0,0,1
253,1,0.9380185268819332,1,0,1,0,0,0,0,0,0,0,0
254,1,0.943018227815628,1,0,1,0,0,0,0,0,0,0,0
255,1,0.8952009379863739,1,0,1,1,0,0,0,0,0,0,1
256,1,0.8979769349098206,1,1,1,1,0,0,1,0,0,0,1
257,1,0.9201974347233772,1,0,1,1,0,1,0,0,0,0,0
258,1,0.8320740759372711,0,0,1,1,1,1,0,0,0,1,1
259,1,1.0378119125962257,1,0,1,0,0,0,0,0,0,0,0
260,1,0.8652310520410538,1,1,1,1,1,1,1,0,0,0,1
261,1,0.8337425887584686,1,0,1,0,0,0,0,0,0,0,0
262,1,0.9116856679320335,1,0,0,0,0,0,0,0,0,0,1
263,1,0.8155832439661026,0,0,1,1,1,1,0,0,0,1,1
264,1,0.9437895752489567,1,0,1,0,0,0,0,0,0,0,1
265,1,0.8884262368083,0,0,1,0,0,0,0,0,0,0,1
266,1,0.8367590010166168,1,0,1,1,0,0,1,1,0,0,0
267,1,0.8398068249225616,1,0,1,1,1,1,0,0,0,1,1
268,1,0.8557454198598862,0,0,1,0,0,0,0,0,0,0,0
269,1,0.9266991093754768,0,0,1,0,0,0,1,0,0,1,1
270,1,0.8799238801002502,1,1,1,1,1,1,0,0,0,0,0
271,1,1.0278097037225962,0,0,0,0,0,0,0,0,0,0,0
272,1,0.9000234603881836,1,0,1,1,0,1,1,0,0,0,0
273,1,0.8916578814387321,1,1,0,0,0,0,0,0,0,0,1
274,1,0.8877169266343117,0,0,1,1,0,0,0,0,0,1,1
275,1,0.8325759619474411,0,0,0,0,0,0,0,0,0,0,1
276,1,0.9195752292871475,1,0,1,0,0,0,0,1,0,1,0
277,1,0.8543553650379181,1,1,1,0,0,0,0,0,0,1,0
278,1,0.9100979864597321,1,0,1,0,0,0,0,0,0,0,0
279,1,1.021709505468607,0,0,1,1,0,1,0,0,0,0,1
280,1,0.8382289111614227,1,0,1,1,0,0,0,0,0,1,0
281,1,0.9413010478019714,1,1,1,1,0,1,1,0,0,0,0
282,1,0.9505393542349339,0,0,1,0,0,0,0,0,0,0,0
283,1,1.0390870943665504,1,0,1,0,0,0,0,0,0,0,0
284,1,0.8963646218180656,1,0,1,0,0,0,0,0,0,0,1
285,1,0.9246883615851402,1,0,1,0,1,1,0,0,0,1,1
286,1,0.9060580283403397,1,0,1,0,0,1,0,0,0,0,1
287,1,0.9409183152019978,0,0,1,1,0,0,0,0,0,0,0
288,1,0.9469181261956692,1,0,1,0,0,0,0,0,0,0,1
289,1,0.8945969268679619,0,0,1,1,1,1,0,0,0,0,1
290,1,0.9687870815396309,1,0,1,0,0,0,1,0,0,0,1
291,1,0.9893508227542043,1,1,1,0,0,0,1,1,0,0,0
292,1,0.9325843751430511,1,0,1,0,0,0,1,0,0,0,1
293,1,0.8491740524768829,1,0,0,1,0,1,0,0,0,1,1
294,1,0.9176677986979485,0,0,1,0,0,0,1,0,0,0,1
295,1,0.9525339044630527,0,0,0,0,0,0,0,0,0,0,1
296,1,1.0142275337129831,1,0,1,0,0,0,0,0,0,0,1
297,1,0.8851861506700516,1,0,0,1,0,0,0,0,0,0,0
298,1,1.0004051998548675,1,0,0,0,0,0,1,0,0,0,1
299,1,0.8806122466921806,1,0,1,0,0,0,0,0,0,0,1
300,1,0.8214320093393326,1,1,1,1,1,1,0,0,0,1,1
301,1,0.9170005694031715,0,0,1,1,0,1,1,1,0,1,1
302,1,0.9128710702061653,0,0,1,0,0,0,0,0,0,1,0
303,1,0.8849329054355621,0,0,1,1,1,1,0,0,0,1,0
304,1,0.7932238280773163,1,1,1,1,0,0,0,0,0,0,1
305,1,0.9609468653798103,1,0,0,1,0,0,0,0,0,1,1
306,1,0.9234529584646225,0,0,1,1,0,1,1,0,0,0,1
307,1,0.9988860543817282,1,0,1,1,0,1,0,0,0,0,0
308,1,0.8653855174779892,0,0,1,0,0,0,0,0,0,0,0
309,1,0.8739533722400665,1,1,1,1,0,0,0,0,0,0,1
310,1,0.8481879830360413,1,0,1,1,0,0,1,0,0,1,1
311,1,0.8807887881994247,1,0,1,1,1,1,1,0,0,0,1
312,1,0.8005547970533371,1,0,1,1,0,1,1,0,0,0,0
313,1,0.8930379822850227,0,0,0,0,0,0,1,0,0,0,1
314,1,0.9403111413121223,0,0,1,1,0,0,0,0,0,0,1
315,1,0.8621799498796463,1,0,1,1,1,1,0,0,0,1,1
316,1,0.8573345839977264,0,0,1,1,0,0,0,0,0,0,0
317,1,0.8116500377655029,1,0,1,1,0,0,0,0,0,1,1
318,1,0.8878568485379219,1,0,1,1,1,1,0,0,0,0,1
319,1,0.9216269925236702,1,0,1,0,0,0,0,0,0,0,1
320,1,0.9014986455440521,1,1,1,1,0,1,0,0,0,1,1
321,1,0.8674002438783646,1,0,1,1,0,0,0,0,0,1,0
322,1,0.9132399260997772,0,0,0,0,0,0,0,0,0,0,0
323,1,0.9151570275425911,1,1,1,0,0,0,0,0,0,0,1
324,1,0.9012274816632271,0,0,1,1,1,1,0,0,0,1,1
325,1,0.8750422224402428,1,0,1,1,0,0,0,0,0,1,1
326,1,0.9231714233756065,1,0,1,1,0,0,0,0,0,1,0
327,1,0.994444421492517,1,0,0,0,0,0,0,0,0,1,0
328,1,0.8942651674151421,0,0,1,1,0,0,0,0,0,0,1
329,1,0.84256611764431,1,0,1,1,0,1,0,0,0,1,1
330,1,0.9249487966299057,0,0,1,1,1,1,0,0,0,0,0
331,1,0.9131915271282196,1,0,0,0,0,0,0,0,0,0,1
332,1,0.9154464155435562,1,0,1,1,1,0,0,0,0,1,1
333,1,0.8199491798877716,1,1,1,1,0,1,1,0,0,0,0
334,1,0.8398415744304657,1,0,1,0,0,1,0,0,0,0,1
335,1,0.895128883421421,1,0,1,1,0,0,0,0,0,0,1
336,1,0.9367120563983917,1,0,1,0,0,0,0,0,0,0,0
337,1,1.0618662051856518,0,0,1,0,0,0,0,0,0,0,0
338,1,0.8801440075039864,0,0,1,0,0,0,0,0,0,0,1
339,1,0.8730196058750153,1,0,1,0,1,1,0,0,0,0,0
340,1,0.9422189295291901,1,0,1,1,0,1,0,0,0,1,1
341,1,0.9554282650351524,1,0,1,1,0,1,1,0,0,0,0
342,1,0.9753482025116682,1,0,1,1,1,0,0,0,0,0,0
343,1,0.9455048851668835,0,0,1,1,0,0,0,0,0,0,0
344,1,0.9215883314609528,1,0,1,0,0,0,0,0,0,0,0
345,1,0.9142577797174454,1,0,1,1,0,0,0,0,0,1,1
346,1,0.8802900984883308,1,0,0,0,0,0,0,0,0,0,1
347,1,0.9231307432055473,1,0,1,1,0,0,0,0,0,0,1
348,1,0.8502080887556076,1,1,1,1,0,0,1,0,0,1,0
349,1,0.9603238254785538,0,0,1,1,1,1,0,0,0,0,0
350,1,0.9190605357289314,0,0,1,0,0,0,0,0,0,1,1
351,1,0.9229399040341377,0,0,1,1,0,0,1,0,0,0,1
352,1,0.9549866616725922,1,0,1,1,0,0,0,0,0,0,1
353,1,0.8534450232982635,1,1,1,1,0,0,0,0,0,0,1
354,1,0.9535001926124096,0,0,1,1,0,0,0,0,0,0,1
355,1,0.8681482225656509,1,0,1,1,0,0,0,0,0,0,1
356,1,0.995341959875077,1,0,1,1,0,0,0,0,0,0,0
357,1,0.8805673867464066,1,1,1,1,0,1,0,0,0,1,1
358,1,0.9203757792711258,1,0,1,1,0,0,0,0,0,0,1
359,1,0.8680408149957657,1,0,1,1,1,1,0,0,0,0,1
360,1,0.835679680109024,1,0,1,0,1,0,0,0,0,0,0
361,1,0.8747159689664841,1,0,1,0,0,0,0,0,0,1,0
362,1,0.915960893034935,0,0,0,0,0,0,0,0,0,0,0
363,1,0.9098285958170891,1,0,1,0,0,0,1,0,0,0,1
364,1,0.9434944204986095,1,0,1,1,0,0,0,0,0,0,1
365,1,0.8096831738948822,1,1,1,1,1,1,0,0,0,0,0
366,1,0.9008948430418968,1,0,1,0,0,0,0,0,0,1,0
367,1,0.8629795163869858,1,0,1,0,0,0,0,0,0,0,0
368,1,0.8608304858207703,1,0,1,0,0,0,0,0,0,0,0
369,1,0.8743537366390228,1,0,1,0,0,0,0,0,0,0,1
370,1,0.8646924793720245,0,0,1,1,0,1,0,0,0,1,1
371,1,0.9349620118737221,1,0,1,0,0,0,0,0,0,0,0
372,1,0.8469656258821487,1,0,1,0,0,0,0,0,1,0,0
373,1,0.8415099829435349,1,1,1,1,1,1,0,0,0,0,1
374,1,0.9062755182385445,1,0,1,1,1,0,0,0,0,0,1
375,1,0.8575859218835831,1,0,0,0,0,0,0,0,0,0,1
376,1,0.855964869260788,1,0,1,1,0,1,0,0,0,1,1
377,1,0.8480489701032639,1,1,1,1,0,0,0,0,0,1,0
378,1,0.9138328060507774,1,1,1,1,1,1,0,0,0,1,0
379,1,1.0120905311778188,0,0,1,1,0,0,0,0,0,0,1
380,1,0.8647117167711258,1,0,0,0,0,0,0,0,0,0,1
381,1,0.9632023796439171,1,1,1,0,0,0,0,0,0,0,0
382,1,0.9343403205275536,1,0,1,1,0,0,0,0,0,0,0
383,1,0.8386173695325851,1,1,0,0,0,0,1,0,0,0,0
384,1,0.963189885020256,0,0,1,1,0,0,0,0,0,0,1
385,1,0.9113625735044479,1,1,1,1,0,0,0,0,0,0,0
386,1,0.8144204318523407,1,0,0,0,0,0,1,0,0,0,1
387,1,0.8801313042640686,1,1,1,0,0,0,1,0,0,1,1
388,1,0.891240306198597,1,1,1,1,1,1,0,0,0,1,0
389,1,0.919188104569912,1,0,0,0,0,0,0,0,0,0,1
390,1,0.850005716085434,0,0,1,1,1,1,0,0,0,1,0
391,1,0.8492944091558456,1,0,1,1,0,0,1,0,0,0,0
392,1,0.9175454899668694,1,0,1,1,0,1,1,0,0,0,0
393,1,0.8549859523773193,1,0,1,0,0,0,1,0,0,0,0
394,1,0.8657577484846115,1,0,1,0,1,0,0,0,0,0,1
395,1,0.9159755036234856,1,0,0,1,0,0,0,0,0,0,0
396,1,0.8813398629426956,1,0,1,1,1,1,0,0,0,0,1
397,1,0.779451310634613,0,0,1,0,0,0,1,0,0,1,1
398,1,0.9408489055931568,1,0,1,1,0,1,0,0,0,1,0
399,1,0.914532370865345,1,0,1,1,0,1,0,0,0,1,0
400,1,0.9051788970828056,0,0,0,0,0,0,0,0,0,0,1
401,1,0.9290757924318314,0,0,1,1,0,1,0,0,0,0,1
402,1,0.9349478632211685,1,0,1,1,0,1,0,0,0,1,1
403,1,0.9139045476913452,0,0,1,1,1,1,0,0,0,1,1
404,1,0.9116370975971222,1,0,0,1,0,0,0,0,0,1,1
405,1,0.9314195960760117,1,1,1,0,0,0,0,0,0,0,0
406,1,0.958918746560812,1,0,1,1,0,1,0,1,0,0,1
407,1,0.8648611307144165,1,1,1,1,0,0,0,0,0,0,1
408,1,0.8804030641913414,1,0,1,1,0,0,0,0,0,0,1
409,1,0.8375311642885208,1,0,1,1,0,1,0,0,0,0,0
410,1,0.8879173845052719,1,0,1,1,0,0,0,0,0,0,1
411,1,0.9153900891542435,1,0,1,0,0,0,0,0,0,0,1
412,1,0.8046267479658127,1,0,1,1,0,0,0,0,0,0,1
413,1,0.8827815726399422,1,1,1,0,0,0,1,0,0,0,0
414,1,0.7921400666236877,0,0,1,1,1,1,0,0,0,1,1
415,1,0.976129362359643,1,0,1,1,0,0,0,0,0,0,0
416,1,0.9098722785711288,1,0,1,1,0,0,0,0,0,0,1
417,1,0.8572617322206497,1,0,1,1,1,1,0,0,0,0,1
418,1,1.0047543388791382,1,0,1,1,0,0,0,0,0,1,0
419,1,0.8359017670154572,1,0,0,1,0,0,1,0,1,0,1
420,1,0.7974453270435333,1,1,1,1,1,1,0,0,0,1,1
421,1,0.9123999029397964,0,0,1,1,1,1,0,0,0,1,1
422,1,0.8750615119934082,0,0,1,1,1,1,1,0,0,1,0
423,1,0.9421426877379417,1,0,1,1,1,1,0,0,0,1,1
424,1,0.7644906789064407,1,1,1,1,1,1,0,0,0,1,0
425,1,0.9447874464094639,1,0,1,0,0,0,0,0,0,0,1
426,1,0.840837761759758,1,0,1,0,0,0,0,0,0,1,1
427,1,0.9226916432380676,0,0,1,0,1,1,0,0,0,1,0
428,1,0.9029011204838753,1,0,0,0,1,1,0,0,0,1,1
429,1,0.8967600166797638,1,0,1,0,0,0,0,0,0,0,1
430,1,0.9566264413297176,1,0,1,0,0,0,0,1,0,0,0
431,1,0.9592737704515457,1,0,1,0,1,0,0,0,0,0,0
432,1,0.8247571885585785,0,0,1,1,0,1,0,0,0,0,1
433,1,1.0079099079594016,1,0,1,1,0,1,0,0,0,0,1
434,1,0.9330762848258018,1,0,1,0,0,0,0,0,0,0,1
435,1,0.8555458635091782,1,0,1,0,0,0,1,1,0,0,1
436,1,0.9426719546318054,0,1,1,1,0,1,1,0,0,1,1
437,1,0.8671990931034088,1,0,1,0,0,0,0,0,0,0,1
438,1,0.871262401342392,1,0,1,1,0,0,0,0,0,0,1
439,1,0.9421701282262802,0,0,1,1,0,1,1,0,0,0,0
440,1,0.766374796628952,1,1,1,0,0,0,0,0,0,0,1
441,1,0.8279359042644501,1,1,1,1,0,0,0,0,0,0,1
442,1,0.8979123830795288,1,0,1,1,0,0,0,0,0,0,1
443,1,0.9551113545894623,0,0,1,1,0,1,0,1,0,1,0
444,1,0.8473676890134811,1,0,1,1,0,1,1,0,0,1,0
445,1,0.8348953574895859,1,0,0,1,0,0,1,0,0,0,1
446,1,0.9250865206122398,0,0,1,1,1,1,0,0,0,1,0
447,1,0.8973663076758385,1,0,1,1,1,1,0,0,0,0,0
448,1,0.8724908083677292,1,1,1,1,0,0,0,0,0,0,1
449,1,0.979449488222599,1,0,0,0,0,0,0,0,0,0,0
450,1,0.8205976188182831,1,0,0,0,0,0,0,0,0,0,1
451,1,0.9136536493897438,0,0,1,1,1,1,0,0,0,1,1
452,1,0.8680408149957657,1,0,1,0,0,0,0,0,0,0,1
453,1,0.8692351132631302,1,1,1,1,0,0,1,0,0,0,1
454,1,0.8846922442317009,1,0,1,0,0,0,0,0,0,0,1
455,1,0.8847016990184784,1,0,1,1,0,1,1,1,0,0,0
456,1,1.0388063192367554,1,0,1,0,0,0,0,1,0,1,1
457,1,0.9726568013429642,1,0,1,1,0,0,0,0,0,1,1
458,1,0.8645051121711731,1,0,0,0,0,0,1,0,0,0,1
459,1,0.8352616131305695,1,0,1,0,0,0,1,0,0,0,0
460,1,0.9223187938332558,1,0,1,1,1,1,0,0,0,1,1
461,1,0.8248520642518997,1,1,1,1,0,1,0,0,0,0,0
462,1,0.856215164065361,1,0,0,0,0,0,0,0,0,0,0
463,1,0.9171300381422043,1,0,1,1,0,1,0,0,0,0,0
464,1,0.9402734152972698,1,0,1,1,0,1,1,0,0,1,1
465,1,0.9587697945535183,0,0,1,1,0,1,0,0,0,0,1
466,1,0.8012605756521225,1,0,1,1,1,0,1,0,0,0,1
467,1,0.9027284681797028,0,0,1,0,0,0,0,0,0,0,1
468,1,0.7886870503425598,1,1,1,1,0,1,0,0,0,1,0
469,1,0.9812484066933393,1,0,1,1,0,1,0,0,0,0,1
470,1,0.8832907900214195,0,0,1,1,1,1,0,0,0,0,1
471,1,0.9196632951498032,1,1,1,0,0,0,0,0,0,0,0
472,1,0.9973610320594162,1,0,0,0,0,0,0,0,0,0,1
473,1,0.9681937508285046,1,0,0,0,0,0,0,0,0,0,1
474,1,0.8178130835294724,1,0,1,1,1,1,0,0,0,1,0
475,1,0.8532200902700424,1,0,1,1,0,0,0,0,0,0,1
476,1,0.9193242266774178,0,0,1,0,0,0,0,0,0,0,0
477,1,0.8281457275152206,1,1,1,1,1,1,0,0,0,1,1
478,1,0.8440201133489609,1,1,1,1,0,1,0,0,0,0,1
479,1,0.8738914281129837,0,0,1,1,0,0,0,0,0,0,1
480,1,0.8814963325858116,0,0,1,0,0,0,1,0,0,0,0
481,1,0.8413267135620117,0,0,1,0,0,0,0,0,0,0,1
482,1,1.0213118568062782,0,0,1,1,1,1,0,0,0,1,1
483,1,0.9439343735575676,1,0,1,1,0,0,0,0,0,0,1
484,1,0.897521860897541,1,0,1,1,1,1,0,0,0,0,1
485,1,0.8216355592012405,1,1,1,1,0,1,0,0,0,1,1
486,1,0.8821289986371994,0,0,1,1,0,0,0,0,0,0,1
487,1,0.8418997675180435,1,1,1,0,0,1,0,0,0,0,1
488,1,0.8815738409757614,0,0,1,0,0,0,0,0,0,1,1
489,1,0.8966254219412804,0,0,1,1,0,1,1,0,0,0,1
490,1,0.8567117303609848,1,0,1,0,0,0,0,0,0,1,1
491,1,0.9340373426675797,1,1,1,1,0,0,0,0,0,0,0
492,1,0.9775536302477121,0,0,1,0,0,0,0,0,0,0,1
493,1,0.9670025780797005,1,1,1,1,0,0,1,0,0,1,0
494,1,0.9766018148511648,1,0,1,0,0,0,0,0,0,0,0
495,1,0.8676687031984329,1,1,1,0,0,0,0,0,0,0,0
496,1,0.9054501578211784,0,0,1,1,0,0,0,0,0,1,0
497,1,0.8361663222312927,0,0,0,0,0,0,1,0,0,0,0
498,1,0.8985781297087669,0,0,1,0,0,0,0,0,0,1,0
499,1,0.9082375541329384,0,1,0,0,0,0,0,0,0,0,1
